,Gene,Common,Full PrLD Seq,PrLD End,,,
YBR108W,YBR108W,AIM3,GQKTYTGQQQQQMPNGQASYAFQGAYQGQPGAGSTEQSQYAQPQYNQYPQQQLQQGVMPQQQQLQQGVVPQQPPIYGEQVPPYGSNSNATSYQSLPQQNQPQNAIPSQVSLNSASQQSTGFVSQNLQYGTQSSNPAPSPSFQNGLQCHQQPQYVSHGSTNLGQSQFPSGQQQQPTTQFGQQVLPSPAQPQQQQQGQPLPPPRGQVILPAPGEPLSNGFGQQQQQQQQQQQPLNQNNALLPQMNVEGVSGMAAVQPVYGQAMSSTTNMQDSNPSYGASPMQGQPPVGGQPPVPVRMQPQPPQPMQQGN,,,,
YBR059C,YBR059C,AKL1,QQQGQRYQQAQNQTGTQGNTFPDESQYQSRVEQQQQQQDQPKGPANYSQRNFYTGRDRSNKPMQLGGTIAGDSGNRRVNFQNISQNYATNSQSGYLPSQNSPAIPMVRPVISMNQQQAQQIQAQQLQAQQMQAKQQMQAKQQMQVQQQLQVQQQMQIQNANNNG,,,,
YDL088C,YDL088C,ASM4,MFGIRSGNNNGGFTNLTSQAPQTTQMFQSQSQLQPQPQPQPQQQQQHLQFNGSSDASSLRFGNSLSNTVNANNYSSNIGNNSINNNNIKNGTNNISQHGQGNNPSWVNN,,,,
YOR113W,YOR113W,AZF1,MPPPTAQFMGPTQAGQNESQNQSSGEAGEQNQEHGQGPTPILNQSQPASSQPQHQQQRNESISYYTNFNQPRYSTDASINSFLNISDNVPVTSTGGPSSGGAYSNLPRLSTSSTHQPPDLSQIGRGFSIVNNLFPQQQQLQNQHRQQQQQQQQQSHQQPPFKTPSFSTGLTGSSSQYQFLPRNDNTSQPPSKRNSVYLGPNDGPDFEFFSMQQSQQPQFQPSSRRESNSMRPPLLIPAATTKSQSNGTNNSGNMNTNADYESFFNTGTNNSNSNQNPY,,,,
YNL288W,YNL288W,CAF40,MFSAQKPIYGNGAGVNMGGGGPSTNNPGSMSMPGVPTSMGPGMNQQIPSGGPMLMGNTPNNNNSNENGENNGNNGNNGGNDANATRNNPNMVNNRG,,,,
YNL161W,YNL161W,CBK1,MYNSSTNHHEGAPTSGHGYYMSQQQDQQHQQQQQYANEMNPYQQIPRPPAAGFSSNYMKEQGSHQSLQEHLQRETGNLGSGFTDVPALNYPATPPPHNNYAASNQMINTPPPSMGGLYRHNNNSQSMVQNGNGSGNAQLPQLSPGQYSIESEYNQNLNGSSSSSPFHQPQTLRSNGSYSSGLRSVKSFQRLQQEQENVQVQQQLSQAQQQNSRQQQQQLQYQQQQQQQQQQQHMQIQQQQQQQQQQQQSQSPVQSGFNNG,,,,
YAL021C,YAL021C,CCR4,MNDPSLLGYPNVGPQQQQQQQQQQHAGLLGKGTPNALQQQLHMNQLTGIPPPGLMNNSDVHTSSNNNSRQLLDQLANGNANMLNMNMDNNNNNNNNNNNNNNNGGGSG,,,,
YBR112C,YBR112C,CYC8,QPNDQGNPLNTRISAQSANATASMVQQQHPAQQTPINSSATMYSNGASPQLQAQAQAQAQAQAQAQAQAQAQAQAQAQAQAQAQAQAQAQAQAQAHAQAQAQAQAQAQAQAQAQAQQQQQQQQQQQQQQQQQQQQQQQQQQQQQQQLQPLPRQQLQQKGVSVQMLNPQQGQPYITQPTVIQAHQLQPFSTQAMEHPQSSQLPPQQQQLQSVQHPQQLQGQPQAQAPQPLIQHNVEQN,,,,
YDL161W,YDL161W,ENT1,QRMQQQQGQQQLQQPMYYDIFGNPITPEEYAQFQLQQQQQQQQQQLQQQPMYYDVFGNPITPEELAQFQQQQQLQEQQYLASMQQQQQAMSNNPFAKSEQSSSSPKRNQLVAASSPQQLQQQKQQEPLIQNRTGNQS,,,,
YLR206W,YLR206W,ENT2,NSQGTGYKQVTNEPKNNPFLSNQYTGLPSTNIVPTQTGYGFGNQPQSPPTNSPQQNPTGISYSQPQQQQQPQQQPQYMQNFQQQQPQYAQNFQQQPQYTQNYQQQPQYIQPHQQQQQQQQQQQQQQGYTPDQG,,,,
YFL024C,YFL024C,EPL1,IQHLQQQQQQQQQQQQQAQQQKQKSQNNNSNSSNSLKKLNDSLINSEAKQNSSITQKNSS,,,,
YOL051W,YOL051W,GAL11,QQQQMANNNGNPGTTSTGNNNNIATQQNMQQSLQQMQHLQQLKMQQQQQQQQQQQQQQQQQQQQQQQHIYPSSTPGVANYSAMANAPGNN,,,,
YER040W,YER040W,GLN3,QYNHGSLGNSVSKSSLFPYNSSTSNSNINQPSINNNSNTNAQSHHSFNIYKLQNNNSSSSAMNITNNNNSNNSNIQ,,,,
YDL035C,YDL035C,GPR1,NNNNNDNDNDNNNSNNNNNNNNNNNNNNNNNNNNNNNNNNNNNNSNNIKNNVDNNNTNPADNIPTLSNEAFTPSQQFSQERVNNNADRCENSSFTNVQQHFQAQTYKQ,,,,
YGL181W,YGL181W,GTS1,QQQYAMAMQQQQQQQQQLAVAQAQAQAQAQAQAQVQAQAQAQAQAQAQAQQIQMQQLQMQQQQQAPLSFQQMSQGGNLPQGYFYTQ,,,,
YOL123W,YOL123W,HRP1,QQKSSNNGGNNGGNNMNRRGGNFGNQGDFNQMYQNPMMGGYNPMMNPQAMTDYYQKMQEYYQQMQKQTGMDYTQMYQQQMQQMAMMMPGFAMPPNAMTLNQPQQDSNATQGSPAPSDSDNNKSNDVQTIGNTSNTDSGSPPLNLPNGPKGPSQYNDDHNSGYGYNRDRGDRDRNDRDRDYNHRSGGNHRRNGRGGRGGYNRRNNGYHPYNR,,,,
YPL204W,YPL204W,HRR25,QQQPQQQVQSSQPQPQPQQLQQQPNGQRPNYYPEPLLQQQQRDSQEQQQQVPMATTRATQYPPQINSNNFNTNQASVPPQMRSNPQQPPQDKPAGQSIWL,,,,
YJR091C,YJR091C,JSN1,QQPPQFLLNSQGLPLGLENNNLQPQPLLQEQLFNGAVTFQQQGNVSIPVFNQQSQQSQHQNHSSGSAGFSNVLHGYNNNNSMHGNNNNSAN,,,,
YNL298W,YNL298W,CLA4,QNVPNQQYPKMRNGHSPTNGQFPRGPMHPNNSQRSLQQQQQQQQQQKQQHQQYPYHHQGPSPSPSPSPSPLNPYRPHHNMINPYSKQPQSPLSSQSTQNQAIPRYAQNSSPTAAHFQPQ,,,,
YHR082C,YHR082C,KSP1,GFSNNNNKQYRQNRNYNNNNNNSNNNHGSNYNNFNNGNSYIKGWNKNFNKYRRPSSSSYTGKSPLSRYNMSYNHNNNSSINGY,,,,
YER112W,YER112W,LSM4,QQINSNNNSNSNGPGHKRYYNNRDSNNNRGNYNRRNNNNGNSNRRPYSQNRQYNNSNSSNINNSINSINSNNQNMNNGLGGSVQHHFNSSSPQKVEF,,,,
YOR197W,YOR197W,MCA1,YPGSGRYTYNNAGGNNGYQRPMAPPPNQQYGQQYGQQYEQQYGQQYGQQNDQQFSQQYAPPPGPPPMAYNRPVYPPPQFQQEQAKAQLSNGYNNPNVNASNMYGPPQNMSLPPPQTQTIQGTDQPYQYSQ,,,,
YMR043W,YMR043W,MCM1,GNDMQRQQPQQQQPQQQQQVLNAHANSLGHLNQDQVPAGALKQEVKSQLLGGANPNQNSMIQQQQHHTQNSQPQQQQQQQPQQQMSQQQMSQHPRPQQGIPHPQQSQPQQQQQQQQQLQQQQQQQQQQPLTGIHQPHQQAFANAASPYLNAEQNAAYQQYFQEPQQGQY,,,,
YDL005C,YDL005C,MED2,NNINNNINSTKNGKDNNNESNKNNNGDEKNKNNNEDNENNNNSSEKNNNNNNNNNNNNDDNGNNNNNNSGNDNNNTTNNDSNNKNNS,,,,
YMR070W,YMR070W,MOT3,MNADHHLQQQQQQRQQHQQQQHQQQQHQHQHQQQQHTILQNVSNTNNIGSDSLASQPFNTTTVSSNKDDVMVNSGARELPMPLHQQQYIYPYYQYTSNNSNNNNVTAGNNMSASPIVHNNSNNSNNSNISASDYTVANNSTSNNNNNNNNNNNNNNNIHPNQFTAAANMNSNAAAAAYYSFPTANMPIPQQDQQYMFNPASYISHYYSAVNSNNNGNNAANNGSNNSSHSAPAPAPGPPHHHHHHSNTHNNLNNGGAVNTNNAPQHHPTIITDQFQFQLQQNPSPNLNLNINPAQ,,,,
YPL184C,YPL184C,MRN1,MVVSYNNNNNNNNNNNNNNISNNNNNNNMFPPFPSSDDFAMYQQSSSSGPYQETYASGPQNFGDAVYPMNGN,,,,
YMR164C,YMR164C,MSS11,QSPAQPQQSSQQQIQQPQHQPQHQPQQQQQQQQQQQQQQQQQQQQQQQQQQQQQQHQQQQQTPYPIVNPQMVPHIPSENSHSTGLMPSVPPTNQQFNAQTQSSMFSDQQRFFQYQLHHQNQGQAPSFQQSQSGRFDDMNAMKMFFQQQALQQNSLQQNLGNQNYQSNTRNN,,,,
YGL122C,YGL122C,NAB2,NAQSLGQSDIAQQQQQQQQQQQPDIAQQQPQQQPQQQPQQQPQQQPQQQPQQQPQQQPQQQPQLQPLQPQLGTQNAMQTDAPATPSPISAFSGVVNAAAPPQFAPVDNSQRFTQRGGGAVGKNRRGGRGGNRGGRNNNS,,,,
YPL190C,YPL190C,NAB3,QQNIYGAPPLPVPNGPAVGPPPQTNYYQGYSMPPPQQQQQQPYGNYGMPPPSHDQGYGSQPPIPMNQSYGRYQTSIPPPPPQQQIPQGYGRYQAGPPPQPPSQTPMDQQQLLSAIQNLPPNVVSNLLSMAQQQQQQPHAQQQLVGLIQSMQGQAPQQQQQQLGGYSSMNSSSPPPMSTNYNGQNISAKPSAPPMSHQPPPPQQQQQQQQQQQQQQQQPAGNNVQS,,,,
YPL226W,YPL226W,NEW1,GSNNASKKSSYQQQRNWKQGGNYQQGGYQSYNSNYNNYNNYNNYNNYNNYNNYNKYNGQGYQKSTYKQSAVTPNQSG,,,,
YBR212W,YBR212W,NGR1,QQQQQQQQQQQDGNFSMEQMAHNNYYNYNNYDYHRNKNGSHSDLVNLQRSNVPYMQEDGALYPHQYSSPSYSLHPTGNQFSNATNNLPQFGNAMSISMQLPNGNSNKTASSMNTNPNTNMIMNSNMNMNMNVNPVPYGMGNGANMY,,,,
YNL251C,YNL251C,NRD1,QQYVQPMMQQPYGYAPNQPLPSQGPAAAAPPVPQQQFDPTAQLNSLMNMLNQQQQQQQQS,,,,
YDL167C,YDL167C,NRP1,SGNNNIAPNYRYNNNINNNNNNINNMTNNRYNINNNINGNGNGNGNNSNNNNNHNNNHNNNHHNGSINSNSNTNNNNNNNNGNNSNNCNSNIGMGGCGSN,,,,
YJL041W,YJL041W,NSP1,MNFNTPQQNKTPFSFGTANNNSNTTNQNSSTGAGAFGTGQSTFGFNNSAPNNTNNANSSITPAFGSNNTGNTAFGNSNPTSNVFGSNNSTTNTFGSNSAGTSLFGSSSAQQTKSNGTAGGNTFGSSSLFNNSTNSNTTKPAFGGLNFGGGNNTTPSSTGNANTSNNLFGATANAN,,,,
YDR192C,YDR192C,NUP42,GSLQQNASQNASSTSSAFGKPTFGAATNTQSPFGTIQNTSTSSGTGVSPFGTFGTNSNNKSPFSNLQSGAGAGSSPFGTTTSKANNNNNVGSSAFGTTNNQSPFSGGSGGTFGSASNLNKNTNGNFQSSFGNKGFSFGITPQNDANKVSQSNPSFGQTMPNTDPNISLKSNGNATSFGFGQQQMNATNVNAN,,,,
YGL172W,YGL172W,NUP49,MFGLNKASSTPAGGLFGQASGASTGNANTGFSFGGTQTGQNTGPSTGGLFGAKPAGSTGGLGASFGQQQQQSQTNAFGGSATTGGGLFGNKPNNTANTGGGLFGANSNSNSGSLFGSNNAQTSRGLFGNNNTNNINNSSSGMNNASAGLFGSKPAGGTSLFGNTSTSSAPAQNQGMFGAKPAGTSLFGNNAGNTTTGGGLFGSKPTGATSLFGSSNNNNNNNNSNNIMSASGGLFGNQQQQLQQQPQMQCALQNLSQ,,,,
YGR119C,YGR119C,NUP57,MFGFSGSNNGFGNKPAGSTGFSFGQNNNNTNTQPSASGFGFGGSQPNSGTATTGGFGANQATNTFGSNQQSSTGGGLFGNKPALGSLGSSSTTASGTTATGTGLFGQQTAQPQQSTIGGGLFGNKPTTTTGGLFGNSAQNNSTTSGGLFGNKVGSTGSLMGGNSTQNTSNMNAGGLFGAKPQNTTATTGGLFGSKPQGSTTNGGLFGSGTQNNNTLGGGGLFGQSQQPQTNTAPGLGNTVSTQPSFAWSKPSTGSNLQQQQQQQIQVPLQQTQAIAQQQQLSNYPQQIQEQ,,,,
YIR006C,YIR006C,PAN1,MYNPYQQQGMGYQQQQQQQQQQPNGFYPQQQQGQSSNQPQGQPQPQQQMAFNQPQATGIGGMPQSFGNSFSSMPQQPQTGYNNNGNNGSVYGNGNFGQQPQQQQQQAKPQHTGYVPNSSMPMMNTTGTMPPPNPAQQPQLQSIQPQGTGYYQAANTANVHSVQPLQSQGTGYYVSTPNLISSNQTQQPLQAQGTGYYQSQPQQVPPPQQAQSLQPLKPQQTGFYLQPQNQ,,,,
YDR228C,YDR228C,PCF11,QVQMQLRQVFSQDQQVLQERMRYHELQQQQQQQQQQQQQQQQQQQQYHETKDMVGSYTQNSNSAIPLFGNNSDTTNQQNS,,,,
YDR081C,YDR081C,PDC2,NNQNHLSMSQASHNPDYNSNHSNNAIENTNNRGSNNNNNNNGSSNNINDNDSSVKYLQQNTVDNSTKTGNPGQPN,,,,
YGL013C,YGL013C,PDR1,YAQPTNGQNNTQVQSNKPINAQQQIPTSVQVPFMNTNEINNNNNNNNNNKNNINNINNNNSNN,,,,
YGL025C,YGL025C,PGD1,QAQAQAQAQAQVYAQQSTVQTPITASMAAALPNPTPSMINSVSPTNVMGTPLTNMMSPMGNAYSMGAQNQGGQVSMSQFNGSGNGSNPNTNTNSNNTPLQSQLNLNNLTPANILNMSMNNDFQQQQQQQQQQQQPQPQYNMNMGMNNMNNGG,,,,
YPR154W,YPR154W,PIN3,SGSNGPSNLPPPPQYKAQELQQIPTQNSAASSYQQQPFPPPSTNYYQQPQQQPQQAPPPQQQQQQQQHQSS,,,,
YNR052C,YNR052C,POP2,MQSMNVQPRVLAVGGEQFFSQRQASEQHQQQNMGPQVYSPKVNRARMFPQGMPVNTINGSVNQEMNNAYLLKQKNEPLLTQQQQQQQQQQQPFNIGTPVSVASLPPGLNVLQQQQQQQQQQQQQQQGVGLN,,,,
YDR505C,YDR505C,PSP1,NQQQQPFSHQNGFIQEHPSSNLTSFQMSSSNSEPMSAPPISSNNNNLNSTQMGNYQAQQRSFPQFNGNSFHSNGNDLMGNRMDSDYMRLMNKTNIGFTSNSGSNFAAPSHSAGNPSSMNNQQVPSFNWQQPSHPESTIRRSSYISDTLINHQMPDARQKQTSQVQQQHAQGFNLFNSRFNYDNLNSTHLTAKGVPEFGNGVQPPYPYDNEPNNASISNSNNNNNSHNMVPMQQFRRNTQPVASFNPSLPTFQQQQQQPQQPQQ,,,,
YNL016W,YNL016W,PUB1,NNNNNNYQQRRNYGNNNRGGFRQYNSNNNNNMNMGMNMNMNMNMNNSRGMPPSSMGMPIGAMPLPSQGQPQQSQTIGLPPQVNPQ,,,,
YPR042C,YPR042C,PUF2,NSYFNNQQVVYSGNQNQNQNGNSNGLDELNSQFDSFRIANGTNLSLPIVNLPNVSNNNNNYNNSGYSSQMNPLSRSVSHNNNNNTNNYNNNDNDNNNNNNNNNNNNNNNNNNNNNSNNSNNNNNNDTSLYRYRSYGY,,,,
YGL014W,YGL014W,PUF4,QNHMPLMNSANNKHHGRNNNSMSSHNDNDNIGNSNYNNKDTGRSNVGKMKNMKNSYHGYYNNNNNNNNNNNNNNNSNATNSNS,,,,
YOR048C,YOR048C,RAT1,NNVQPAHNYGRNSYNSQPGFNNSRYDGGNNNYRQNSNYRNNNYSGNRNSGQYSGNSYSRNNKQSRYDNSRANRR,,,,
YPL089C,YPL089C,RLM1,GPNSAKPGNTNNPGTFPPVQTAVNNGNSSNISSTNNTNNNNNNNNNNSSNNNSNNGNDNNSNNSNNSYYSNN,,,,
YCL028W,YCL028W,RNQ1,SGSGGGSQSMGASGLAALASQFFKSGNNSQGQGQGQGQGQGQGQGQGQGSFTALASLASSFMNSNNNNQQGQNQSSGGSSFGALASMASSFMHSNNNQNSNNSQQGYNQSYQNGNQNSQGYNNQQYQGGNGGYQQQQGQSGGAFSSLASMAQSYLGGGQTQSNQQQYNQQGQNNQQQYQQQGQNYQHQQQGQQQQQGHSSSFSALASMASSYLGNNSNSNSSYGGQQQANEYGRPQQNGQQQSNEYGRPQYGGNQNSNGQHESFNFSGNFSQQNNNGNQNRY,,,,
YMR263W,YMR263W,SAP30,QGGGYASNNNGSCNNNNGSNNNNNNNNNNNNNSNNSNNNNGPTSSGRTNGKQRLTAAQQQY,,,,
YOR329C,YOR329C,SCD5,QAQFTNQSSSPQSTGPAFLNSPNITLPQSNQQQPYQEVNPTQAKIEPSNISPQHTYSNNVRINNGNIVSMPKVEITGAFPPQNTLPQHQQSHLLSPQNTIPQHQRSQLISPQNTFTQNQPILSPQHTYSNNQATMISPQNTYTNNQQQPQHLPPPPPPRAQQQQQGAIVPPQHMYSNVQKQNNLVPTQPSYTNSPSIQSPNFLSPQNAANSYFQSLLSSSPSPNPTPSNASTVNGNNASNGISSFQNTSAAMNNTQSHQTYIQQQQQQQTQQRIYGGQLSQMQQHPGQLHLNNSDIHSQPNKPNYGMLGQQVHQQQQQQQQQFPFTADVNRSNSSDILGNLQSLQQQVDALQIQYNRRP,,,,
YPR129W,YPR129W,SCD6,GLGRGRGNYRGNRGNRGRGGQRGNYQNRNNYQNDSGAYQNQNDSYSRPANQFSQPPSNVEF,,,,
YGL066W,YGL066W,SGF73,NQNLNPKQIQRLQQQRALQAQLLSQQQQQQQQQQQHHSPQAQAQASTQQPTQGMVPNHFPGGATNSSFNANVSSKQIQQQQQQQQHKSQDTGLTPLEIQSQQQKLRQQQLQQQKFEAAASYLANATKLMQESNQDSHLSGTHNNNSSKNGNNNLMTMKASISSPNTSVNSIQSPPSVNSVNGSGQGVSTGINVSGNNGRIEVGIGNSVNPYNGRIN,,,,
YOL004W,YOL004W,SIN3,SSASANQQVQHAQQHAQQQHEAQMHAQAQAQAQAQAQVEQQKQQQQFLYPASGYYGHPSNRGIPQQNLPPIGSFSPPTNGSTVHEAYQDQQHMQ,,,,
YLR187W,YLR187W,SKG3,NLNQLTSNGGNYQDREDFSGDQINKPQQSQPLHVKGPQTSSFGYRNSSANSSQPQAPYPVGRPLGKIRTGPLTVQPMQQGGNSSMYSFQSSQHRFHSSQQRQNQSLSFRNNTYGSGNNQNTFHPSPQLQQQPQNMRYLNN,,,,
YHR149C,YHR149C,SKG6,QPLNYQDQYQQQEQSPVYNGHTQYPGNGYSGNPQQQGYTAQFVQNPQWYGVPTPQQQQHNHPQ,,,,
YBL007C,YBL007C,SLA1,GGAQFPQTSFNVQGQQQLPTGSILPVQKTANGLISANTGVSMPTVQRTGGTMIPQTSFGVSQQLTGGAMMTQPQNTGSAMMPQTSFNAVPQITGGAMMPQTSFNALPQVTGGAMMPLQRTGGALNTFNTGGAMIPQTSFSSQAQNTGGFRPQSQFGLTLQKTGGIAPLNQNQFTGGAMNTLSTGGVLQQQQPQTMNTFNTGGVMQELQMMTTFNTGGAMQQPQMMNTFNTDGIMQQPQMMNTFNTGGAMQQPQQQALQNQPTGFGFGNGPQQSRQANIFNATASNPFGF,,,,
YIL105C,YIL105C,SLM1,SQQQLNLQHLHNLQQHTRSMTSADHANVLQQQQQQQQQQQQQQQQQQQSASFQNGSLTSDINQQSYLNGQPVPSTSNSTFQNNRTLTMNSGGLQGIISNGSPNIDSNTNVTIAVPDPNNNNGKQLQGKNSLTNTSILSRARSSLQRQRLAQQQQQQQ,,,,
YHR030C,YHR030C,SLT2,QRQLQLQQQQQQQQQQQQQQQQPSDVDNGNAAASEENYPKQMATSNSVAPQQESFGIHSQN,,,,
YOR290C,YOR290C,SNF2,QFAAKQRQELQMQRQQQGISGSQQNIVPNSSDQAELPNNASSHISASASPHLAPNMQLNGNETFSTSAHQSPIMQTQMPLNSNGGNNMLPQRQSSVGSLNATNFSPTPANNGENAAEKPDNSNHNNLNLNNSELQPQNRSLQEHNIQDSNVMPGSQINSPMPQQAQMQQAQFQAQQAQQAQQAQQAQQAQARLQQG,,,,
YBR289W,YBR289W,SNF5,MNNQPQGTNSVPNSIGNIFSNIGTPSFNMAQIPQQLYQSLTPQQLQMIQQRHQQLLRSRLQQQQQQQQQTSPPPQTHQSPPPPPQQSQPIANQSATSTPPPPPAPHNLHPQIGQVPLAPAPINLPPQIAQLPLATQQQVLNKLRQQAIAKNNPQVVNAITVAQQQVQRQIEQQKGQQTAQTQLEQQRQLLVQQQQQQQLRNQIQRQQQQQFRHHVQIQQQQQKQQQQQQQHQQQQQQQQQQQQQQQQQQQQQQQQQQQQQQQQQQQQQGQIPQSQQVPQVRSMSGQPPTNVQPTIGQLPQ,,,1,300
YMR016C,YMR016C,SOK2,GQSTQQQQQQQQYLGQSVQPLMPVSYQYVVPEQWPYPQYYQQPQSQSQQQLQSQPQMYQVQESFQSSGSDSNASNPPSTSVGVPSNATATALPNGSAITTKKSNNSTNISNNVPYYYYFPQMQAQQSMAYSYPQAYYYYPANGDGTTNGATPSVTSNQVQNPNLEKTYSTFEQQQQHQQQQQLQAQTYPAQPPKIGNAFSKFSKSGPPSDSSSGSMSPNSNRTSRNSNSISSLAQQPPMSNYPQPSTYQYPGFHKTSSIPNSHSPIPPRSLTTPTQGPTSQNGPLSYNLPQVGLLPPQQQQQ,,,,
YJL034W,YDR293C,SSD1,MSKNSNVNNNRSQEPNNMFVQTTGGGKNAPKQIHVAHRRSQSELTNLMIEQFTLQKQLEQVQAQQQQLMAQQQQLAQQTGQYLSGNSGSNNHFTPQPPHPHYNSNGNSPGMSAGGSRSRTHSRNNSGYYHNSYDNNNNSNNPGSNS,,,,
YDR172W,YDR172W,SUP35,MSDSNQGNNQQNYQQYSQNGNQQQGNNRYQGYQAYNAQAQPAGGYYQNYQGYSGYQQGGYQQYNPDAGYQQQYNPQGGYQQYNPQGGYQQQFNPQGGRGNYKNFNYNNNLQGYQAGFQPQSQGMSLNDFQKQQKQ,,,,
YPL016W,YPL016W,SWI1,MDFFNLNNNNNNNNTTTTTTTTNNNNTNNNNTNNNNNPANNTNNNNSTGHSSNTNNNTNNNNTNTGASGVDDFQNFFDPKPFDQNLDSNNNNSNSNNNDNNNSNTVASSTNFTSPTAVVNNAAPANVTGGKAANFIQNQSPQFNSPYDSNNSNTNLNSLSPQAILAKNSIIDSSNLPLQAQQQLYGGNNNNNSTGIANDNVITPHFITNVQSISQNSSSSTPNTNSNSTPNANQQFLPFNNSASNNGNLTSNQLISNYAASNSMDRSSSASNEFVPNTSDNNNNSNNHNMRNNSNNKTSNNNNVTAVPAATPANTNNSTSNANTVFSERAAMFAALQQKQQQRFQALQQQQQQQQNQQQQNQQPQQQQQQQQNPKFLQSQRQQQQ,,,1,385
YDR145W,YDR145W,TAF12,QESTQQQRVQQQRVQQQQQQQQQQQQQQQQQQQQQQQRQGQNQRKISSSNSTEIPSVTGPDALKSQQQQQN,,,,
YGR162W,YGR162W,TIF4631,QQESQQQRGYTNYNNGSNYTQKKPYNSNRPHQQRGGKFGPNRYNNRGNYNGGGSFRGGHMGANSSNVPWTGYYNNYPVYYQPQQMAAAGSAPAN,,,,
YGL049C,YGL049C,TIF4632,MTDQRGPPPPHPQQANGYKKFPPHDNQYSGANNSQPNNHYNENLYSAREPHNNKQYQSKNGKYGTNKYNNRNNSQGNAQYYNNRFNNGYRLNNNDYNPAMLPGMQWPANYYAPQMYYIPQQ,,,,
YDR213W,YDR213W,UPC2,SGNMGAFQLQQQQQVQQQSQPQTQAQQASGTPNERYGSFDLAGSPALQSTGMSLSNSLSGMLLCNRIPSGQNYTQQQLQYQLHQQLQLQQHQQVQLQQYQQLRQEQHQQVQQQQQEQLQQYQQHFLQQQQQVLLQQEQQPN,,,,
YNL229C,YNL229C,URE2,MMNNNGNQVSNLSNALRQVNIGNRNSNTTTDQSNINFEFSTGVNNNNNNNSSSNNNNVQNNNSGRNGSQNNDNENNIKNTLEQHRQQQQ,,,,
YOR359W,YOR359W,VTS1,QSSAINKNNPGSNSGNNQGNSSVTANVLSPQSHSMSLNDMLDQQSFMLDTAGTRAQPLQQQQQQQQQQQQASLPSLNIQTVSSTAAGSAIVSPMMQSPKALQSTLSSTSMYLDSFQRSPNNILGIPSQSGSIPLPQSRQSQQQSQSQKNDPNMGTNFSQDINQLCSWISMLNSSQQN,,,,
YFL010C,YFL010C,WWM1,QQADQAPPPYSSQSTPQVQAGAQAQQPRYYQPQQPQYPQYPQQQRYYPQQAPMPAAAPQQAYYGTAPSTSKGSGHGGAMMGGLLGVGAGLLGG,,,,
YJL141C,YJL141C,YAK1,MNSSNNNDSSSSNSNMNNSLSPTLVTHSDASMGSGRASPDNSHMGRGIWNPSYVNQGSQRSPQQQHQNHHQQQQQQQQQQQQNSQ,,,,
YHR161C,YHR161C,YAP1801,NQTQQIANNPFVSQTQPQVMNTPTAHTEPANLNVPEYAAVQHTVNFNPVQDAGVSAQQTGYYSINNHLTPTFTGAGFGGYSVSQDTTAASNQQVSHSQTGSNNPFALHNAATIATGNPAHENVLNNPFSRPNFDEQNTNMPLQQQIISNPFQNQTYNQQQFQQQKMPLSSINSVMTTPTSMQGSMNIPQRFDKMEFQAHYTQNHLQQQQQQQQQQQQQQQQQPQQGYYVPATAGANPVTNITGTVQPQNFPFYPQQQPQPEQSQTQQPVLGNQYANNLNLIDM,,,,
YGR241C,YGR241C,YAP1802,QQLQNQQLLISPTVPQDAYNPFGSQQQDLNNDTFSFEPTQPQMTAQVPQPTANPFLIPQQQQQALQLTSASTMPQPSEIQITPNLNNQQTGMYASNLQYTPNFTGSGFGGYTTTENNAIMTGTLDPTKTGSNNPFSLENIAREQQQQNFQNSPNPFTLQQAQTTPILAHSQTGNPFQAQNVVTSPMGTYMTNPVAGQLQYASTGAQQQPQMMQGQQTGYVMVPTAFVPINQQQQQQQHQQENPN,,,,
YBL081W,YBL081W,YBL081W,QSSNSFQSHNAPSHQSNYHPHYNHMKYNNTGSYYYYNNNNNSSVNPHNQAGLQSINRSIPSAPYGAYNQNRANDVPYMNTQKKHHRFSANNNLNQQKYKQYPQYTSNPMVTAHLKQTYPQLYYNSNVNAHNNNNNSNNNNNNNNNSNNNNNLYNQTQFSTRYFNSNSSPSLTSSTSNSSSPYNQS,,,,
YBR016W,YBR016W,YBR016W,MSANDYYGGTAGEKSQYSRPSNPPPSSAHQNKTQERGYPPQQQQQYYQQQQQHPGYYNQQGYNQQGYNQQGYNQQGYNQQGYNQQGYNQQGHQQPVYVQQQPPQRGN,,,,
YHR135C,YHR135C,YCK1,NKQLQMQQLQMQQLQQQQQQQQYAQKTEADMRNSQYKPKLDPTSYEAYQHQTQQKYLQEQQKRQQQQKLQEQQLQEQQLQQQQQQQQQLRATGQPPSQPQAQTQSQQFGARYQPQQQ,,,,
YLR177W,YLR177W,YLR177W,NNSSQKYYPQKQQQQQQQQQQQQQQSIFDPGRRSSYISDALIHGNAATQQPQYSQPVYINNNPSLQVPYTAPSEYTQQQQYSSPFNARRNTQ,,,,
YMR124W,YMR124W,YMR124W,QSFPNGNPLMQAPTPHPRFQPNKMVSANYSRSNSLMSGPPGQFRQPQQQRMLPMNNYNNHPGQFQNTPPVMPSGQQPPQQPRTLSLTNGPRYSPQNPRPFAGHQQISQRQQQQQQQLQLHPMSEGYRTMSLQSQNVPQGFN,,,,
YPR022C,YPR022C,YPR022C,QQAQQPQQVQQSQQPQQIQQLQQLQFPQQLRAPLQQPMLQQQMHPQQASPTFPSYDPRIRNNGQNGNQFFNLIFDNRTGVNGFEVDAANNNGNGNDQNMNINPAVQQQRYQDRNFASSSYQQPLQPLTQDQQQEQYFQQQKLAQQQQQQQQQQQQQQQLPPQN,,,,
YLR191W,YLR191W,PEX13,YGNSNYGIPYDNNPYSMNSIYGNSIGRYGYGGSYYGNNYGSFYGGGYGAGAGYGMNNGSGLG,,,,
YKL038W,YKL038W,RGT1,GGQPQLPPPQQQSQPQAHQQKLQQGQNLYSYSQFSQQQPYNPSISSFGQFAANGFHSRQGSVASEAMSPSAPAMFTSTSTNPVNVAQQTQRPQGQQVPQFSSELDGNKRRQSAPVSVTLSTDRLNGNENNNGEINNNNGSNNSGSSKDTSQHSQ,,,,
YGL215W,YGL215W,CLG1,SYQSNSRSEFSSMNGYYNYYNYNQPRLNYYQQFPNIYSSPISETQFDYDFYNFSSQQQQQQQKQ,,,,
YNL243W,YNL243W,SLA2,QATAQMQPDFWANQQAQFANEQNRLEQERVQQLQQQQAQQELFQQQLQKAQQDMMNMQLQQQNQHQNDLIALTNQYEKDQALLQQYDQRVQQ,,,,
YHL024W,YHL024W,RIM4,SSGRYNAANSFTTYNNSSAGNSNNNNNNNNSNSNKSQYKKRYARRSSYGYNEVPPKPYYFQPYYYHPMQYHMGPMGPLHPSQGSAGN,,,,
